providerName,context,binaryContent
sonata.media.provider.file,default,explotic/application/20130820_notice_explotic_abatteusesv13.pdf
sonata.media.provider.file,default,explotic/application/explotic0.0.3.96.exe
sonata.media.provider.file,default,explotic/application/explotic0.0.4.09.exe
sonata.media.provider.file,default,explotic/cnil.zip
sonata.media.provider.file,default,explotic/connectivite.zip
sonata.media.provider.file,default,explotic/documents explotic et leur utilisation (pour formateurs).pdf
sonata.media.provider.file,default,explotic/documents explotic et leur utilisation (pour stagiaires).pdf
sonata.media.provider.file,default,explotic/fiches memo ponsse.zip
sonata.media.provider.file,default,explotic/fiches memo timbermatic h-09.zip
sonata.media.provider.file,default,explotic/fiches memo tm300-silvia.zip
sonata.media.provider.file,default,explotic/flyer explotic_a4.pdf
sonata.media.provider.file,default,explotic/formations/m1-cadre.zip
sonata.media.provider.file,default,explotic/formations/m2-3-4 _exercices communs _import donnees.zip
sonata.media.provider.file,default,explotic/formations/m2-op communicant john deere h-09.7z
sonata.media.provider.file,default,explotic/formations/m2-op communicant john deere tm300.7z
sonata.media.provider.file,default,explotic/formations/m3-ponsse.7z
sonata.media.provider.file,default,explotic/formations/m4-op non communicant.zip
sonata.media.provider.file,default,explotic/formations/marchepied informatique.zip
sonata.media.provider.file,default,explotic/formations (complement pour les formateurs)/m1-cadre.zip
sonata.media.provider.file,default,explotic/formations (complement pour les formateurs)/m2-3-4 _exercices communs _import donnees.zip
sonata.media.provider.file,default,explotic/formations (complement pour les formateurs)/m2 et 3-op communicant.zip
sonata.media.provider.file,default,explotic/formations (complement pour les formateurs)/m4-op non communicant.zip
sonata.media.provider.file,default,explotic/formations (complement pour les formateurs)/organisation.zip
sonata.media.provider.file,default,explotic/guides et fiches pratiques.zip

